Workbook

Sheet Portada
AZ1: © 2026 Ing. Pierre R. - peru.labs.pe@gmail.com - Generador IPERC Normativo Perú. Uso bajo licencia del autor.
B2: GENERADOR IPERC NORMATIVO – PERÚ
B3: Identificación de Peligros, Evaluación de Riesgos y Medidas de Control
B4: Matriz dinámica, descriptiva y trazable • amparada en la Ley N.° 29783 y su Reglamento
B6: SELECCIONE EL NIVEL DE PROFUNDIDAD DE LA MATRIZ
B7: Nivel activo: | D7: AVANZADO
B8: Sector / rubro: | D8: Oficina / Sector público
B10: CONTENIDO DEL LIBRO
B11: 1. Niveles | C11: Comparativo Básico / Medio / Avanzado / Súper Profesional.
B12: 2. Datos Generales | C12: Identificación de la empresa o entidad y del SGSST.
B13: 3. Metodología | C13: Método R.M. 050-2013-TR: índices, probabilidad, severidad y nivel.
B14: 4. Catálogo Peligros | C14: Base maestra multisectorial de peligros, riesgos y controles.
B15: 5. Matriz IPERC | C15: Matriz de trabajo dinámica con riesgo inicial y residual.
B16: 6. Motor Normativo | C16: Base legal estructurada: norma, artículo, obligación y evidencia.
B17: 7. Plan de Acción | C17: Controles pendientes con responsable, plazo y estado.
B18: 8. Mapa de Riesgos | C18: Resumen por área y nivel de riesgo.
B19: 9. Dashboard | C19: Indicadores de gestión y alertas.
B21: CÓMO USAR ESTE GENERADOR
B22: 1) Elija el nivel y el sector arriba. 2) Complete '2. Datos Generales'.
B23: 3) En '5. Matriz IPERC' use las listas desplegables (peligro, tipo, índices, severidad).
B24: 4) Los niveles de riesgo inicial y residual se calculan automáticamente.
B25: 5) Asocie norma y evidencia desde '6. Motor Normativo'.
B26: 6) Revise '9. Dashboard' para indicadores, riesgos críticos y controles vencidos.
B28: Elaborado por | C28: Ing. Pierre R. · peru.labs.pe@gmail.com
B29: Versión | C29: v1.0 – 2026 · Documento referencial; el sustento técnico final es responsabilidad del empleador.
B60: © 2026 Ing. Pierre R. - peru.labs.pe@gmail.com - Generador IPERC Normativo Perú. Uso bajo licencia del autor.

Sheet 1. Niveles
AZ1: © 2026 Ing. Pierre R. - peru.labs.pe@gmail.com - Generador IPERC Normativo Perú. Uso bajo licencia del autor.
B2: NIVELES DEL GENERADOR IPERC — ¿QUÉ INCLUYE CADA UNO?
B3: Funcionalidad / Capa | C3: BÁSICO (Detalle) | D3: MEDIO | E3: AVANZADO | F3: SÚPER PROFESIONAL
B4: Datos generales de la empresa | C4: Sí | D4: Sí | E4: Sí | F4: Sí
B5: Identificación de peligro y riesgo | C5: Sí | D5: Sí | E5: Sí | F5: Sí
B6: Consecuencia / daño potencial | C6: Sí | D6: Sí | E6: Sí | F6: Sí
B7: Severidad y nivel de riesgo (Prob x Sev) | C7: Simplificado | D7: Sí | E7: Sí | F7: Sí
B8: Índices A,B,C,D (R.M. 050-2013-TR) | C8: No | D8: Sí | E8: Sí | F8: Sí
B9: Controles por jerarquía (Art. 21 Ley 29783) | C9: EPP/básico | D9: Sí | E9: Sí | F9: Sí (5 niveles)
B10: Responsable y plazo de implementación | C10: No | D10: Sí | E10: Sí | F10: Sí
B11: Riesgo residual (después del control) | C11: No | D11: No | E11: Sí | F11: Sí
B12: Sustento normativo (norma + artículo) | C12: Referencial | D12: Referencial | E12: Sí | F12: Sí (motor normativo)
B13: Evidencia exigible por riesgo | C13: No | D13: No | E13: Sí | F13: Sí
B14: Tarea rutinaria / no rutinaria y expuestos | C14: No | D14: Sí | E14: Sí | F14: Sí
... B20: Apto para fiscalización SUNAFIL | C20: Inicial | D20: Parcial | E20: Sí | F20: Sí (defendible)
B22: Recomendación
B23: BÁSICO: microempresa / oficina con pocos puestos que recién inicia su SGSST.
B24: MEDIO: pyme con varias áreas; cumple la metodología de índices de R.M. 050-2013-TR.
B25: AVANZADO: empresa con riesgos moderados/altos; incorpora riesgo residual y sustento legal.
B26: SÚPER PROFESIONAL: empresa de alto riesgo o lista para fiscalización SUNAFIL; trazabilidad completa.

Sheet 2. Datos Generales
AZ1: © 2026 Ing. Pierre R. - peru.labs.pe@gmail.com - Generador IPERC Normativo Perú. Uso bajo licencia del autor.
B2: DATOS GENERALES DE LA EMPRESA / ENTIDAD Y DEL SGSST
B3: Identificación
B4: Razón social | D4: RUC
B5: Domicilio / sede | D5: Actividad económica (CIIU)
B6: Sector (público/privado) | D6: Rubro
B7: N.° total de trabajadores | D7: Fecha de elaboración
B8: Datos del SGSST
B9: ¿Comité o Supervisor de SST? | D9: N.° de miembros del Comité
B10: ¿Reglamento Interno de SST? | D10: ¿Política de SST aprobada?
B11: ¿Programa Anual de SST? | D11: ¿Mapa de riesgos elaborado?
B12: Responsable de SST | D12: Profesión / colegiatura
B13: Elaboración y aprobación
B14: Elaborado por | D14: Cargo
B15: Revisado por (Comité/Supervisor) | D15: Fecha de revisión
B16: Aprobado por (Alta dirección) | D16: Fecha de aprobación
B17: Versión del documento | D17: Próxima actualización
B19: Nota legal: la evaluación inicial se realiza por puesto de trabajo, con personal competente y consulta a los trabajadores (Art. 77, D.S. 005-2012-TR). Debe actualizarse al menos una vez al año o cuando cambien las condiciones (Art. 57, Ley 29783).

Sheet 3. Metodología
AZ1: © 2026 Ing. Pierre R. - peru.labs.pe@gmail.com - Generador IPERC Normativo Perú. Uso bajo licencia del autor.
B2: METODOLOGÍA DE EVALUACIÓN DE RIESGOS (R.M. N.° 050-2013-TR)
B3: Nivel de Riesgo = Probabilidad × Severidad | Probabilidad = A + B + C + D
B5: ÍNDICES DE PROBABILIDAD (cada uno de 1 a 3)
B6: Índice | C6: Concepto | D6: Valor 1 | E6: Valor 2 | F6: Valor 3
B7: A | C7: Personas expuestas | D7: 1 a 3 (=1) | E7: 4 a 12 (=2) | F7: más de 12 (=3)
B8: B | C8: Procedimientos existentes | D8: Existen y son satisfactorios (=1) | E8: Existen parcialmente (=2) | F8: No existen (=3)
B9: C | C9: Capacitación / entrenamiento | D9: Personal entrenado, conoce el peligro (=1) | E9: Parcialmente entrenado (=2) | F9: No entrenado (=3)
B10: D | C10: Exposición al riesgo | D10: Esporádica – 1 vez/año (=1) | E10: Eventual – 1 vez/mes (=2) | F10: Permanente – 1 vez/día (=3)
B11: ÍNDICE DE SEVERIDAD (consecuencia)
B12: 1 | C12: Ligeramente dañino | D12: Lesión leve sin incapacidad / molestia
B13: 2 | C13: Dañino | D13: Lesión con incapacidad temporal / daño a la salud reversible
B14: 3 | C14: Extremadamente dañino | D14: Lesión grave, incapacidad permanente o muerte
B16: NIVEL DE RIESGO Y SIGNIFICANCIA (Probabilidad × Severidad)
B17: Puntaje | C17: Nivel de riesgo | D17: Significativo | E17: Plazo de corrección
B18: 4 | C18: Trivial (TV) | D18: NO | E18: No requiere acción específica
B19: 5 a 8 | C19: Tolerable (TO) | D19: NO | E19: No requiere mejora; mantener controles
B20: 9 a 16 | C20: Moderado (MO) | D20: SÍ | E20: Reducir el riesgo en plazo definido
B21: 17 a 24 | C21: Importante (IM) | D21: SÍ | E21: No iniciar hasta reducir el riesgo
B22: 25 a 36 | C22: Intolerable (IT) | D22: SÍ | E22: Detener actividad hasta controlar
B24: El riesgo residual se recalcula tras aplicar los controles, mejorando los índices B (procedimientos) y C (capacitación). La jerarquía de control (Art. 21, Ley 29783) prioriza: eliminación › sustitución › ingeniería › administrativos › EPP.

Sheet 4. Catálogo Peligros
AZ1: © 2026 Ing. Pierre R. - peru.labs.pe@gmail.com - Generador IPERC Normativo Perú. Uso bajo licencia del autor.
B2: CATÁLOGO MAESTRO DE PELIGROS, RIESGOS Y CONTROLES (multisectorial)
B3: Tipo de peligro | C3: Peligro | D3: Riesgo (evento peligroso) | E3: Consecuencia / daño | F3: Eliminación | G3: Sustitución | H3: Control de ingeniería | I3: Control administrativo | J3: EPP | K3: Norma base | L3: Sectores típicos
B4: Físico | C4: Ruido por maquinaria / equipos | D4: Exposición a ruido ocupacional | E4: Hipoacusia inducida por ruido, fatiga auditiva | F4: Eliminar fuente de ruido innecesaria | G4: Sustituir por equipo de bajo nivel sonoro | H4: Encerramiento acústico, aislamiento, mantenimiento | I4: Monitoreo ocupacional, rotación, pausas, señalización | J4: Protección auditiva (tapones/orejeras) | K4: Ley 29783 / D.S. 005-2012-TR | L4: Manufactura, Construcción, Minería
B5: Físico | C5: Iluminación deficiente | D5: Exposición a iluminación inadecuada | E5: Fatiga visual, cefalea, errores y accidentes | F5: Rediseñar puesto con luz natural | G5: — | H5: Mejorar luminarias, reubicar fuentes de luz | I5: Medición lux, mantenimiento de luminarias | J5: — | K5: Ley 29783 / R.M. 050-2013-TR | L5: Oficina, Comercio, Salud
B6: Físico | C6: Vibración (herramientas/equipos) | D6: Exposición a vibración mano-brazo / cuerpo entero | E6: Síndrome de vibración, trastornos osteomusculares | F6: Eliminar tarea vibratoria | G6: Sustituir herramienta por una antivibración | H6: Aislamiento, amortiguadores, mantenimiento | I6: Rotación de tareas, pausas, evaluación médica | J6: Guantes antivibración | K6: Ley 29783 / D.S. 005-2012-TR | L6: Construcción, Minería, Manufactura
B7: Físico | C7: Temperatura extrema (calor/frío) | D7: Exposición a estrés térmico | E7: Golpe de calor, deshidratación, hipotermia | F7: — | G7: Reprogramar trabajo a horas frescas | H7: Ventilación, climatización, barreras | I7: Hidratación, aclimatación, rotación, pausas | J7: Ropa térmica adecuada | K7: Ley 29783 / D.S. 005-2012-TR | L7: Construcción, Minería, Agroindustria
B8: Físico | C8: Radiación UV (trabajo a intemperie) | D8: Exposición a radiación solar | E8: Quemaduras, cáncer de piel, daño ocular | F8: — | G8: Reprogramar tareas a la sombra | H8: Toldos, cobertizos, mallas raschel | I8: Bloqueador, rotación, capacitación | J8: Sombrero, lentes UV, ropa de manga larga | K8: Ley 29783 / D.S. 005-2012-TR | L8: Construcción, Agroindustria, Transporte
B9: Químico | C9: Polvos / partículas en suspensión | D9: Inhalación de polvo (sílice, cemento, harina) | E9: Neumoconiosis, silicosis, asma ocupacional | F9: Eliminar proceso pulverulento | G9: Sustituir material por uno granulado/húmedo | H9: Extracción localizada, humectación, encerramiento | I9: Monitoreo, vigilancia médica, capacitación | J9: Respirador con filtro P2/P3 | K9: Ley 29783 / D.S. 005-2012-TR | L9: Construcción, Minería, Manufactura
B10: Químico | C10: Vapores / gases / solventes | D10: Inhalación de sustancias químicas | E10: Intoxicación, daño respiratorio, neurológico | F10: Eliminar uso del solvente | G10: Sustituir por producto de base agua/menos tóxico | H10: Ventilación forzada, cabina, extracción | I10: Hojas SDS, etiquetado, capacitación, monitoreo | J10: Respirador con cartucho químico, guantes | K10: Ley 29783 / D.S. 005-2012-TR | L10: Manufactura, Salud, Limpieza
B11: Químico | C11: Sustancias corrosivas / irritantes | D11: Contacto con ácidos / álcalis | E11: Quemaduras químicas, dermatitis, daño ocular | F11: Eliminar manipulación directa | G11: Sustituir por producto menos agresivo | H11: Dosificación cerrada, duchas y lavaojos | I11: Etiquetado, SDS, almacenamiento, capacitación | J11: Guantes, careta, mandil resistente | K11: Ley 29783 / D.S. 005-2012-TR | L11: Manufactura, Limpieza, Salud
B12: Químico | C12: Almacenamiento de inflamables | D12: Contacto/derrame de combustibles e inflamables | E12: Incendio, explosión, intoxicación | F12: Reducir stock al mínimo | G12: Sustituir por producto menos volátil | H12: Gabinete antiflama, ventilación, bandeja de contención | I12: Inventario, segregación, permisos, capacitación | J12: Guantes, respirador, ropa antiestática | K12: Ley 29783 / D.S. 005-2012-TR | L12: Manufactura, Transporte, Hidrocarburos
B13: Biológico | C13: Agentes biológicos (virus/bacterias) | D13: Exposición a agentes infecciosos | E13: Enfermedades infectocontagiosas | F13: Eliminar fuente de contagio | G13: Sustituir procedimiento por uno cerrado | H13: Barreras, ventilación, esterilización | I13: Bioseguridad, vacunación, vigilancia de salud | J13: Mascarilla, guantes, mandil, protección ocular | K13: Ley 29783 / Ley 31246 / D.S. 005-2012-TR | L13: Salud, Limpieza, Agroindustria
B14: Biológico | C14: Manipulación de residuos biocontaminados | D14: Contacto con fluidos / residuos sólidos hospitalarios | E14: Infección, hepatitis, VIH ocupacional | F14: Eliminar manipulación manual | G14: Sustituir por sistema de recojo cerrado | H14: Contenedores rígidos, ruta diferenciada | I14: Protocolo de segregación, capacitación, vacunación | J14: Guantes resistentes, mascarilla, lentes | K14: Ley 29783 / D.S. 005-2012-TR | L14: Salud, Limpieza
... B36: Espacios confinados | C36: Ingreso a espacio confinado | D36: Asfixia / intoxicación en espacio confinado | E36: Asfixia, intoxicación, fatalidad | F36: Eliminar la necesidad de ingreso | G36: Realizar la tarea desde el exterior | H36: Ventilación forzada, monitoreo continuo de gases, rescate | I36: Permiso de ingreso, vigía, capacitación, procedimiento | J36: Equipo de respiración autónoma, arnés de rescate | K36: Ley 29783 / D.S. 005-2012-TR | L36: Minería, Hidrocarburos, Saneamiento

Sheet 5. Matriz IPERC
BZ1: © 2026 Ing. Pierre R. - peru.labs.pe@gmail.com - Generador IPERC Normativo Perú. Uso bajo licencia del autor.
B2: MATRIZ IPERC — IDENTIFICACIÓN DE PELIGROS, EVALUACIÓN DE RIESGOS Y MEDIDAS DE CONTROL
B3: Nivel activo: | C3: =Portada!D7 -> AVANZADO | F3: Sector: | G3: =Portada!D8 -> Oficina / Sector público | L3: Las columnas se etiquetan por nivel mínimo. En BÁSICO complete solo las columnas azules.
B4: N° | C4: Sede / Local | D4: Área | E4: Proceso | F4: Puesto de trabajo | G4: Actividad / Tarea | H4: Tipo tarea (Rut/No Rut) | I4: N° expuestos | J4: Peligro | K4: Tipo de peligro | L4: Riesgo (evento peligroso) | M4: Consecuencia / daño | N4: Controles existentes | O4: A Pers. | P4: B Proc. | Q4: C Capac. | R4: D Expos. | S4: Prob. (A+B+C+D) | T4: Sever. | U4: Riesgo INICIAL | V4: Interpretación inicial | W4: ¿Signif.? | X4: Jerarquía aplicada | Y4: Medidas de control propuestas | Z4: B res. | AA4: C res. | AB4: Prob. residual | AC4: Sever. res. | AD4: Riesgo RESIDUAL | AE4: Interpretación residual | AF4: Responsable | AG4: Plazo | AH4: Requisito legal (norma / art.) | AI4: Evidencia requerida | AJ4: Estado | AK4: Versión / Fecha rev. | AL4: Participación (Comité/Trabajador)
B5: Básico | C5: Básico | D5: Básico | E5: Medio | F5: Básico | G5: Básico | H5: Medio | I5: Medio | J5: Básico | K5: Básico | L5: Básico | M5: Básico | N5: Medio | O5: Medio | P5: Medio | Q5: Medio | R5: Medio | S5: Básico | T5: Básico | U5: Básico | V5: Básico | W5: Avanzado | X5: Avanzado | Y5: Básico | Z5: Avanzado | AA5: Avanzado | AB5: Avanzado | AC5: Avanzado | AD5: Avanzado | AE5: Avanzado | AF5: Medio | AG5: Medio | AH5: Avanzado | AI5: Avanzado | AJ5: Avanzado | AK5: Súper Prof. | AL5: Súper Prof.
B6: 1 | C6: Sede Central | D6: Administración | E6: Administración | F6: Asistente administrativo | G6: Digitación y atención en PVD | H6: Rutinaria | I6: 8 | J6: Uso prolongado de pantallas (PVD) | K6: Ergonómico | L6: Exposición prolongada a pantalla de visualización | M6: Fatiga visual, cervicalgia, estrés | N6: Sillas estándar, descansos informales | O6: 2 | P6: 2 | Q6: 2 | R6: 3 | S6: =IF(COUNT(O6,P6,Q6,R6)=4,O6+P6+Q6+R6,"") -> 9 | T6: 2 | U6: =IF(AND(ISNUMBER(S6),ISNUMBER(T6)),S6*T6,"") -> 18 | V6: =IF(U6="","",IF(U6<=4,"Trivial",IF(U6<=8,"Tolerable",IF(U6<=16,"Moderado",IF(U6<=24,"Importante","Intolerable"))))) -> Importante | W6: =IF(U6="","",IF(U6>=9,"SÍ","NO")) -> SÍ | X6: Administrativo | Y6: Silla ergonómica, regla 20-20-20, pausas activas, evaluación de puesto | Z6: 1 | AA6: 1 | AB6: =IF(COUNT(O6,Z6,AA6,R6)=4,O6+Z6+AA6+R6,"") -> 7 | AC6: 1 | AD6: =IF(AND(ISNUMBER(AB6),ISNUMBER(AC6)),AB6*AC6,"") -> 7 | AE6: =IF(AD6="","",IF(AD6<=4,"Trivial",IF(AD6<=8,"Tolerable",IF(AD6<=16,"Moderado",IF(AD6<=24,"Importante","Intolerable"))))) -> Tolerable | AF6: Jefe de RR.HH. | AG6: 30 días | AH6: Ley 29783 Art.50 / R.M.375-2008-TR | AI6: Evaluación disergonómica, registro de pausas | AJ6: En proceso | AK6: v1.0 - 2026 | AL6: Consulta a Comité SST
B7: 2 | C7: Sede Central | D7: Limpieza | E7: Limpieza | F7: Operario de limpieza | G7: Limpieza de pisos | H7: Rutinaria | I7: 4 | J7: Pisos resbaladizos / húmedos | K7: Locativo | L7: Caída de persona a nivel | M7: Contusiones, esguinces, fracturas | N7: Señalización ocasional | O7: 2 | P7: 2 | Q7: 2 | R7: 3 | S7: =IF(COUNT(O7,P7,Q7,R7)=4,O7+P7+Q7+R7,"") -> 9 | T7: 2 | U7: =IF(AND(ISNUMBER(S7),ISNUMBER(T7)),S7*T7,"") -> 18 | V7: =IF(U7="","",IF(U7<=4,"Trivial",IF(U7<=8,"Tolerable",IF(U7<=16,"Moderado",IF(U7<=24,"Importante","Intolerable"))))) -> Importante | W7: =IF(U7="","",IF(U7>=9,"SÍ","NO")) -> SÍ | X7: Administrativo | Y7: Señalización piso mojado, calzado antideslizante, limpieza programada | Z7: 1 | AA7: 1 | AB7: =IF(COUNT(O7,Z7,AA7,R7)=4,O7+Z7+AA7+R7,"") -> 7 | AC7: 1 | AD7: =IF(AND(ISNUMBER(AB7),ISNUMBER(AC7)),AB7*AC7,"") -> 7 | AE7: =IF(AD7="","",IF(AD7<=4,"Trivial",IF(AD7<=8,"Tolerable",IF(AD7<=16,"Moderado",IF(AD7<=24,"Importante","Intolerable"))))) -> Tolerable | AF7: Supervisor de servicios | AG7: 15 días | AH7: Ley 29783 Art.50 / D.S.005-2012-TR | AI7: Programa de limpieza, entrega de EPP | AJ7: Implementado | AK7: v1.0 - 2026 | AL7: Capacitación registrada
B8: 3 | C8: Almacén Lima | D8: Despacho | E8: Despacho | F8: Operario de almacén | G8: Carga manual de cajas | H8: Rutinaria | I8: 6 | J8: Manipulación manual de cargas | K8: Ergonómico | L8: Sobreesfuerzo por levantamiento de cargas | M8: Lumbalgia, hernias, trastornos musculoesqueléticos | N8: Capacitación básica, faja lumbar | O8: 2 | P8: 3 | Q8: 2 | R8: 3 | S8: =IF(COUNT(O8,P8,Q8,R8)=4,O8+P8+Q8+R8,"") -> 10 | T8: 2 | U8: =IF(AND(ISNUMBER(S8),ISNUMBER(T8)),S8*T8,"") -> 20 | V8: =IF(U8="","",IF(U8<=4,"Trivial",IF(U8<=8,"Tolerable",IF(U8<=16,"Moderado",IF(U8<=24,"Importante","Intolerable"))))) -> Importante | W8: =IF(U8="","",IF(U8>=9,"SÍ","NO")) -> SÍ | X8: Ingeniería | Y8: Ayudas mecánicas, límite de peso por caja, rotación, capacitación ergonómica | Z8: 2 | AA8: 1 | AB8: =IF(COUNT(O8,Z8,AA8,R8)=4,O8+Z8+AA8+R8,"") -> 8 | AC8: 1 | AD8: =IF(AND(ISNUMBER(AB8),ISNUMBER(AC8)),AB8*AC8,"") -> 8 | AE8: =IF(AD8="","",IF(AD8<=4,"Trivial",IF(AD8<=8,"Tolerable",IF(AD8<=16,"Moderado",IF(AD8<=24,"Importante","Intolerable"))))) -> Tolerable | AF8: Jefe de almacén | AG8: 45 días | AH8: Ley 29783 Art.21 / R.M.375-2008-TR | AI8: IPERC, capacitación, evaluación médica ocupacional | AJ8: Pendiente | AK8: v1.0 - 2026 | AL8: Encuesta a trabajadores
B9: 4 | C9: Planta | D9: Producción | E9: Producción | F9: Operario de máquina | G9: Operación de máquina con partes móviles | H9: Rutinaria | I9: 12 | J9: Partes móviles de máquinas | K9: Mecánico | L9: Atrapamiento / corte por partes móviles | M9: Amputación, fractura, heridas graves | N9: Guardas parciales | O9: 3 | P9: 2 | Q9: 2 | R9: 3 | S9: =IF(COUNT(O9,P9,Q9,R9)=4,O9+P9+Q9+R9,"") -> 10 | T9: 3 | U9: =IF(AND(ISNUMBER(S9),ISNUMBER(T9)),S9*T9,"") -> 30 | V9: =IF(U9="","",IF(U9<=4,"Trivial",IF(U9<=8,"Tolerable",IF(U9<=16,"Moderado",IF(U9<=24,"Importante","Intolerable"))))) -> Intolerable | W9: =IF(U9="","",IF(U9>=9,"SÍ","NO")) -> SÍ | X9: Ingeniería | Y9: Resguardos con enclavamiento, bloqueo y etiquetado (LOTO), capacitación, inspección | Z9: 1 | AA9: 1 | AB9: =IF(COUNT(O9,Z9,AA9,R9)=4,O9+Z9+AA9+R9,"") -> 8 | AC9: 2 | AD9: =IF(AND(ISNUMBER(AB9),ISNUMBER(AC9)),AB9*AC9,"") -> 16 | AE9: =IF(AD9="","",IF(AD9<=4,"Trivial",IF(AD9<=8,"Tolerable",IF(AD9<=16,"Moderado",IF(AD9<=24,"Importante","Intolerable"))))) -> Moderado | AF9: Supervisor de planta | AG9: 30 días | AH9: Ley 29783 Art.21 / D.S.005-2012-TR | AI9: IPERC, registro LOTO, inspección de guardas | AJ9: En proceso | AK9: v1.0 - 2026 | AL9: Acta de Comité SST
B10: 5 | C10: Obra Norte | D10: Estructuras | E10: Estructuras | F10: Operario de construcción | G10: Trabajo en altura en encofrado | H10: No rutinaria | I10: 10 | J10: Trabajo en altura (>1.8 m) | K10: Altura | L10: Caída de persona a distinto nivel | M10: Fracturas, invalidez, fatalidad | N10: Arnés sin inspección, sin línea de vida | O10: 2 | P10: 3 | Q10: 3 | R10: 3 | S10: =IF(COUNT(O10,P10,Q10,R10)=4,O10+P10+Q10+R10,"") -> 11 | T10: 3 | U10: =IF(AND(ISNUMBER(S10),ISNUMBER(T10)),S10*T10,"") -> 33 | V10: =IF(U10="","",IF(U10<=4,"Trivial",IF(U10<=8,"Tolerable",IF(U10<=16,"Moderado",IF(U10<=24,"Importante","Intolerable"))))) -> Intolerable | W10: =IF(U10="","",IF(U10>=9,"SÍ","NO")) -> SÍ | X10: Ingeniería | Y10: Líneas de vida y anclajes certificados, barandas, permiso de trabajo en altura, inspección preuso | Z10: 1 | AA10: 1 | AB10: =IF(COUNT(O10,Z10,AA10,R10)=4,O10+Z10+AA10+R10,"") -> 7 | AC10: 2 | AD10: =IF(AND(ISNUMBER(AB10),ISNUMBER(AC10)),AB10*AC10,"") -> 14 | AE10: =IF(AD10="","",IF(AD10<=4,"Trivial",IF(AD10<=8,"Tolerable",IF(AD10<=16,"Moderado",IF(AD10<=24,"Importante","Intolerable"))))) -> Moderado | AF10: Ingeniero residente | AG10: Inmediato | AH10: Ley 29783 / G.050 / D.S.011-2019-TR | AI10: Permiso de altura, ATS, inspección de arnés, capacitación | AJ10: Pendiente | AK10: v1.0 - 2026 | AL10: Charla preuso firmada
B11: 6 | C11: Centro de salud | D11: Enfermería | E11: Enfermería | F11: Técnico de enfermería | G11: Manejo de residuos biocontaminados | H11: Rutinaria | I11: 5 | J11: Manipulación de residuos biocontaminados | K11: Biológico | L11: Contacto con fluidos / residuos sólidos hospitalarios | M11: Infección, hepatitis, VIH ocupacional | N11: Guantes simples | O11: 2 | P11: 2 | Q11: 2 | R11: 3 | S11: =IF(COUNT(O11,P11,Q11,R11)=4,O11+P11+Q11+R11,"") -> 9 | T11: 3 | U11: =IF(AND(ISNUMBER(S11),ISNUMBER(T11)),S11*T11,"") -> 27 | V11: =IF(U11="","",IF(U11<=4,"Trivial",IF(U11<=8,"Tolerable",IF(U11<=16,"Moderado",IF(U11<=24,"Importante","Intolerable"))))) -> Intolerable | W11: =IF(U11="","",IF(U11>=9,"SÍ","NO")) -> SÍ | X11: Administrativo | Y11: Contenedores rígidos, ruta diferenciada, vacunación, protocolo de segregación, EPP completo | Z11: 1 | AA11: 1 | AB11: =IF(COUNT(O11,Z11,AA11,R11)=4,O11+Z11+AA11+R11,"") -> 7 | AC11: 2 | AD11: =IF(AND(ISNUMBER(AB11),ISNUMBER(AC11)),AB11*AC11,"") -> 14 | AE11: =IF(AD11="","",IF(AD11<=4,"Trivial",IF(AD11<=8,"Tolerable",IF(AD11<=16,"Moderado",IF(AD11<=24,"Importante","Intolerable"))))) -> Moderado | AF11: Jefe de enfermería | AG11: 30 días | AH11: Ley 29783 / Ley 31246 / D.S.005-2012-TR | AI11: Plan de bioseguridad, carné de vacunación, capacitación | AJ11: En proceso | AK11: v1.0 - 2026 | AL11: Acta de Comité SST
B12: 7 | C12: Sede Central | D12: Mantenimiento | E12: Mantenimiento | F12: Técnico electricista | G12: Mantenimiento de tablero eléctrico | H12: No rutinaria | I12: 2 | J12: Contacto eléctrico directo | K12: Eléctrico | L12: Contacto con partes energizadas | M12: Electrocución, quemaduras, paro cardíaco | N12: Herramientas aisladas | O12: 1 | P12: 2 | Q12: 2 | R12: 2 | S12: =IF(COUNT(O12,P12,Q12,R12)=4,O12+P12+Q12+R12,"") -> 7 | T12: 3 | U12: =IF(AND(ISNUMBER(S12),ISNUMBER(T12)),S12*T12,"") -> 21 | V12: =IF(U12="","",IF(U12<=4,"Trivial",IF(U12<=8,"Tolerable",IF(U12<=16,"Moderado",IF(U12<=24,"Importante","Intolerable"))))) -> Importante | W12: =IF(U12="","",IF(U12>=9,"SÍ","NO")) -> SÍ | X12: Administrativo | Y12: Desenergizar, bloqueo y etiquetado, permiso de trabajo eléctrico, EPP dieléctrico, capacitación | Z12: 1 | AA12: 1 | AB12: =IF(COUNT(O12,Z12,AA12,R12)=4,O12+Z12+AA12+R12,"") -> 5 | AC12: 2 | AD12: =IF(AND(ISNUMBER(AB12),ISNUMBER(AC12)),AB12*AC12,"") -> 10 | AE12: =IF(AD12="","",IF(AD12<=4,"Trivial",IF(AD12<=8,"Tolerable",IF(AD12<=16,"Moderado",IF(AD12<=24,"Importante","Intolerable"))))) -> Moderado | AF12: Jefe de mantenimiento | AG12: 20 días | AH12: Ley 29783 / RESESATE | AI12: Permiso eléctrico, registro LOTO, prueba de ausencia de tensión | AJ12: Pendiente | AK12: v1.0 - 2026 | AL12: Procedimiento firmado
B13: 8 | C13: Transporte | D13: Distribución | E13: Distribución | F13: Conductor | G13: Conducción de vehículo de reparto | H13: Rutinaria | I13: 3 | J13: Conducción de vehículos | K13: Tránsito/Transporte | L13: Accidente de tránsito | M13: Politraumatismos, fatalidad | N13: Mantenimiento básico | O13: 1 | P13: 2 | Q13: 1 | R13: 3 | S13: =IF(COUNT(O13,P13,Q13,R13)=4,O13+P13+Q13+R13,"") -> 7 | T13: 3 | U13: =IF(AND(ISNUMBER(S13),ISNUMBER(T13)),S13*T13,"") -> 21 | V13: =IF(U13="","",IF(U13<=4,"Trivial",IF(U13<=8,"Tolerable",IF(U13<=16,"Moderado",IF(U13<=24,"Importante","Intolerable"))))) -> Importante | W13: =IF(U13="","",IF(U13>=9,"SÍ","NO")) -> SÍ | X13: Administrativo | Y13: Plan de manejo defensivo, control de fatiga y horas, mantenimiento preventivo, inspección preuso | Z13: 1 | AA13: 1 | AB13: =IF(COUNT(O13,Z13,AA13,R13)=4,O13+Z13+AA13+R13,"") -> 6 | AC13: 2 | AD13: =IF(AND(ISNUMBER(AB13),ISNUMBER(AC13)),AB13*AC13,"") -> 12 | AE13: =IF(AD13="","",IF(AD13<=4,"Trivial",IF(AD13<=8,"Tolerable",IF(AD13<=16,"Moderado",IF(AD13<=24,"Importante","Intolerable"))))) -> Moderado | AF13: Jefe de flota | AG13: 30 días | AH13: Ley 29783 Art.50 / D.S.005-2012-TR | AI13: Registro de mantenimiento, control de fatiga, licencias | AJ13: En proceso | AK13: v1.0 - 2026 | AL13: Capacitación de manejo defensivo
B14: 9 | S14: =IF(COUNT(O14,P14,Q14,R14)=4,O14+P14+Q14+R14,"") | U14: =IF(AND(ISNUMBER(S14),ISNUMBER(T14)),S14*T14,"") | V14: =IF(U14="","",IF(U14<=4,"Trivial",IF(U14<=8,"Tolerable",IF(U14<=16,"Moderado",IF(U14<=24,"Importante","Intolerable"))))) | W14: =IF(U14="","",IF(U14>=9,"SÍ","NO")) | AB14: =IF(COUNT(O14,Z14,AA14,R14)=4,O14+Z14+AA14+R14,"") | AD14: =IF(AND(ISNUMBER(AB14),ISNUMBER(AC14)),AB14*AC14,"") | AE14: =IF(AD14="","",IF(AD14<=4,"Trivial",IF(AD14<=8,"Tolerable",IF(AD14<=16,"Moderado",IF(AD14<=24,"Importante","Intolerable")))))
B15: 10 | S15: =IF(COUNT(O15,P15,Q15,R15)=4,O15+P15+Q15+R15,"") | U15: =IF(AND(ISNUMBER(S15),ISNUMBER(T15)),S15*T15,"") | V15: =IF(U15="","",IF(U15<=4,"Trivial",IF(U15<=8,"Tolerable",IF(U15<=16,"Moderado",IF(U15<=24,"Importante","Intolerable"))))) | W15: =IF(U15="","",IF(U15>=9,"SÍ","NO")) | AB15: =IF(COUNT(O15,Z15,AA15,R15)=4,O15+Z15+AA15+R15,"") | AD15: =IF(AND(ISNUMBER(AB15),ISNUMBER(AC15)),AB15*AC15,"") | AE15: =IF(AD15="","",IF(AD15<=4,"Trivial",IF(AD15<=8,"Tolerable",IF(AD15<=16,"Moderado",IF(AD15<=24,"Importante","Intolerable")))))
B16: 11 | S16: =IF(COUNT(O16,P16,Q16,R16)=4,O16+P16+Q16+R16,"") | U16: =IF(AND(ISNUMBER(S16),ISNUMBER(T16)),S16*T16,"") | V16: =IF(U16="","",IF(U16<=4,"Trivial",IF(U16<=8,"Tolerable",IF(U16<=16,"Moderado",IF(U16<=24,"Importante","Intolerable"))))) | W16: =IF(U16="","",IF(U16>=9,"SÍ","NO")) | AB16: =IF(COUNT(O16,Z16,AA16,R16)=4,O16+Z16+AA16+R16,"") | AD16: =IF(AND(ISNUMBER(AB16),ISNUMBER(AC16)),AB16*AC16,"") | AE16: =IF(AD16="","",IF(AD16<=4,"Trivial",IF(AD16<=8,"Tolerable",IF(AD16<=16,"Moderado",IF(AD16<=24,"Importante","Intolerable")))))
B17: 12 | S17: =IF(COUNT(O17,P17,Q17,R17)=4,O17+P17+Q17+R17,"") | U17: =IF(AND(ISNUMBER(S17),ISNUMBER(T17)),S17*T17,"") | V17: =IF(U17="","",IF(U17<=4,"Trivial",IF(U17<=8,"Tolerable",IF(U17<=16,"Moderado",IF(U17<=24,"Importante","Intolerable"))))) | W17: =IF(U17="","",IF(U17>=9,"SÍ","NO")) | AB17: =IF(COUNT(O17,Z17,AA17,R17)=4,O17+Z17+AA17+R17,"") | AD17: =IF(AND(ISNUMBER(AB17),ISNUMBER(AC17)),AB17*AC17,"") | AE17: =IF(AD17="","",IF(AD17<=4,"Trivial",IF(AD17<=8,"Tolerable",IF(AD17<=16,"Moderado",IF(AD17<=24,"Importante","Intolerable")))))
B18: 13 | S18: =IF(COUNT(O18,P18,Q18,R18)=4,O18+P18+Q18+R18,"") | U18: =IF(AND(ISNUMBER(S18),ISNUMBER(T18)),S18*T18,"") | V18: =IF(U18="","",IF(U18<=4,"Trivial",IF(U18<=8,"Tolerable",IF(U18<=16,"Moderado",IF(U18<=24,"Importante","Intolerable"))))) | W18: =IF(U18="","",IF(U18>=9,"SÍ","NO")) | AB18: =IF(COUNT(O18,Z18,AA18,R18)=4,O18+Z18+AA18+R18,"") | AD18: =IF(AND(ISNUMBER(AB18),ISNUMBER(AC18)),AB18*AC18,"") | AE18: =IF(AD18="","",IF(AD18<=4,"Trivial",IF(AD18<=8,"Tolerable",IF(AD18<=16,"Moderado",IF(AD18<=24,"Importante","Intolerable")))))
B19: 14 | S19: =IF(COUNT(O19,P19,Q19,R19)=4,O19+P19+Q19+R19,"") | U19: =IF(AND(ISNUMBER(S19),ISNUMBER(T19)),S19*T19,"") | V19: =IF(U19="","",IF(U19<=4,"Trivial",IF(U19<=8,"Tolerable",IF(U19<=16,"Moderado",IF(U19<=24,"Importante","Intolerable"))))) | W19: =IF(U19="","",IF(U19>=9,"SÍ","NO")) | AB19: =IF(COUNT(O19,Z19,AA19,R19)=4,O19+Z19+AA19+R19,"") | AD19: =IF(AND(ISNUMBER(AB19),ISNUMBER(AC19)),AB19*AC19,"") | AE19: =IF(AD19="","",IF(AD19<=4,"Trivial",IF(AD19<=8,"Tolerable",IF(AD19<=16,"Moderado",IF(AD19<=24,"Importante","Intolerable")))))
B20: 15 | S20: =IF(COUNT(O20,P20,Q20,R20)=4,O20+P20+Q20+R20,"") | U20: =IF(AND(ISNUMBER(S20),ISNUMBER(T20)),S20*T20,"") | V20: =IF(U20="","",IF(U20<=4,"Trivial",IF(U20<=8,"Tolerable",IF(U20<=16,"Moderado",IF(U20<=24,"Importante","Intolerable"))))) | W20: =IF(U20="","",IF(U20>=9,"SÍ","NO")) | AB20: =IF(COUNT(O20,Z20,AA20,R20)=4,O20+Z20+AA20+R20,"") | AD20: =IF(AND(ISNUMBER(AB20),ISNUMBER(AC20)),AB20*AC20,"") | AE20: =IF(AD20="","",IF(AD20<=4,"Trivial",IF(AD20<=8,"Tolerable",IF(AD20<=16,"Moderado",IF(AD20<=24,"Importante","Intolerable")))))
B21: 16 | S21: =IF(COUNT(O21,P21,Q21,R21)=4,O21+P21+Q21+R21,"") | U21: =IF(AND(ISNUMBER(S21),ISNUMBER(T21)),S21*T21,"") | V21: =IF(U21="","",IF(U21<=4,"Trivial",IF(U21<=8,"Tolerable",IF(U21<=16,"Moderado",IF(U21<=24,"Importante","Intolerable"))))) | W21: =IF(U21="","",IF(U21>=9,"SÍ","NO")) | AB21: =IF(COUNT(O21,Z21,AA21,R21)=4,O21+Z21+AA21+R21,"") | AD21: =IF(AND(ISNUMBER(AB21),ISNUMBER(AC21)),AB21*AC21,"") | AE21: =IF(AD21="","",IF(AD21<=4,"Trivial",IF(AD21<=8,"Tolerable",IF(AD21<=16,"Moderado",IF(AD21<=24,"Importante","Intolerable")))))
B22: 17 | S22: =IF(COUNT(O22,P22,Q22,R22)=4,O22+P22+Q22+R22,"") | U22: =IF(AND(ISNUMBER(S22),ISNUMBER(T22)),S22*T22,"") | V22: =IF(U22="","",IF(U22<=4,"Trivial",IF(U22<=8,"Tolerable",IF(U22<=16,"Moderado",IF(U22<=24,"Importante","Intolerable"))))) | W22: =IF(U22="","",IF(U22>=9,"SÍ","NO")) | AB22: =IF(COUNT(O22,Z22,AA22,R22)=4,O22+Z22+AA22+R22,"") | AD22: =IF(AND(ISNUMBER(AB22),ISNUMBER(AC22)),AB22*AC22,"") | AE22: =IF(AD22="","",IF(AD22<=4,"Trivial",IF(AD22<=8,"Tolerable",IF(AD22<=16,"Moderado",IF(AD22<=24,"Importante","Intolerable")))))
B23: 18 | S23: =IF(COUNT(O23,P23,Q23,R23)=4,O23+P23+Q23+R23,"") | U23: =IF(AND(ISNUMBER(S23),ISNUMBER(T23)),S23*T23,"") | V23: =IF(U23="","",IF(U23<=4,"Trivial",IF(U23<=8,"Tolerable",IF(U23<=16,"Moderado",IF(U23<=24,"Importante","Intolerable"))))) | W23: =IF(U23="","",IF(U23>=9,"SÍ","NO")) | AB23: =IF(COUNT(O23,Z23,AA23,R23)=4,O23+Z23+AA23+R23,"") | AD23: =IF(AND(ISNUMBER(AB23),ISNUMBER(AC23)),AB23*AC23,"") | AE23: =IF(AD23="","",IF(AD23<=4,"Trivial",IF(AD23<=8,"Tolerable",IF(AD23<=16,"Moderado",IF(AD23<=24,"Importante","Intolerable")))))
B24: 19 | S24: =IF(COUNT(O24,P24,Q24,R24)=4,O24+P24+Q24+R24,"") | U24: =IF(AND(ISNUMBER(S24),ISNUMBER(T24)),S24*T24,"") | V24: =IF(U24="","",IF(U24<=4,"Trivial",IF(U24<=8,"Tolerable",IF(U24<=16,"Moderado",IF(U24<=24,"Importante","Intolerable"))))) | W24: =IF(U24="","",IF(U24>=9,"SÍ","NO")) | AB24: =IF(COUNT(O24,Z24,AA24,R24)=4,O24+Z24+AA24+R24,"") | AD24: =IF(AND(ISNUMBER(AB24),ISNUMBER(AC24)),AB24*AC24,"") | AE24: =IF(AD24="","",IF(AD24<=4,"Trivial",IF(AD24<=8,"Tolerable",IF(AD24<=16,"Moderado",IF(AD24<=24,"Importante","Intolerable")))))
B25: 20 | S25: =IF(COUNT(O25,P25,Q25,R25)=4,O25+P25+Q25+R25,"") | U25: =IF(AND(ISNUMBER(S25),ISNUMBER(T25)),S25*T25,"") | V25: =IF(U25="","",IF(U25<=4,"Trivial",IF(U25<=8,"Tolerable",IF(U25<=16,"Moderado",IF(U25<=24,"Importante","Intolerable"))))) | W25: =IF(U25="","",IF(U25>=9,"SÍ","NO")) | AB25: =IF(COUNT(O25,Z25,AA25,R25)=4,O25+Z25+AA25+R25,"") | AD25: =IF(AND(ISNUMBER(AB25),ISNUMBER(AC25)),AB25*AC25,"") | AE25: =IF(AD25="","",IF(AD25<=4,"Trivial",IF(AD25<=8,"Tolerable",IF(AD25<=16,"Moderado",IF(AD25<=24,"Importante","Intolerable")))))
... B50: 45 | S50: =IF(COUNT(O50,P50,Q50,R50)=4,O50+P50+Q50+R50,"") | U50: =IF(AND(ISNUMBER(S50),ISNUMBER(T50)),S50*T50,"") | V50: =IF(U50="","",IF(U50<=4,"Trivial",IF(U50<=8,"Tolerable",IF(U50<=16,"Moderado",IF(U50<=24,"Importante","Intolerable"))))) | W50: =IF(U50="","",IF(U50>=9,"SÍ","NO")) | AB50: =IF(COUNT(O50,Z50,AA50,R50)=4,O50+Z50+AA50+R50,"") | AD50: =IF(AND(ISNUMBER(AB50),ISNUMBER(AC50)),AB50*AC50,"") | AE50: =IF(AD50="","",IF(AD50<=4,"Trivial",IF(AD50<=8,"Tolerable",IF(AD50<=16,"Moderado",IF(AD50<=24,"Importante","Intolerable")))))

Sheet 6. Motor Normativo
AZ1: © 2026 Ing. Pierre R. - peru.labs.pe@gmail.com - Generador IPERC Normativo Perú. Uso bajo licencia del autor.
B2: MOTOR NORMATIVO — BASE LEGAL ESTRUCTURADA DE SST (PERÚ)
B3: ID norma | C3: Norma | D3: Artículo | E3: Tema | F3: Obligación concreta | G3: Aplica a | H3: Evidencia exigible | I3: Estado | J3: Fuente oficial
B4: LEY_29783 | C4: Ley N.° 29783 - Ley de SST | D4: Art. I (Título Prelim.) | E4: Prevención | F4: El empleador garantiza, en el centro de trabajo, el establecimiento de los medios y condiciones que protejan la vida, la salud y el bienestar de los trabajadores. | G4: Todos los sectores | H4: IPERC, controles, registros | I4: Vigente | J4: https://www.gob.pe/institucion/congreso-de-la-republica/normas-legales/462576-29783
B5: LEY_29783 | C5: Ley N.° 29783 - Ley de SST | D5: Art. 19 | E5: Participación | F5: La participación de los trabajadores es esencial en el Sistema de Gestión de SST. | G5: Todos los sectores | H5: Actas de comité, consultas, encuestas | I5: Vigente | J5: https://www.gob.pe/institucion/congreso-de-la-republica/normas-legales/462576-29783
B6: LEY_29783 | C6: Ley N.° 29783 - Ley de SST | D6: Art. 21 | E6: Jerarquía de control | F6: Las medidas de prevención se aplican en el siguiente orden: eliminación, tratamiento/control en la fuente, control administrativo y EPP. | G6: Todos los sectores | H6: IPERC con jerarquía de controles | I6: Vigente | J6: https://www.gob.pe/institucion/congreso-de-la-republica/normas-legales/462576-29783
B7: LEY_29783 | C7: Ley N.° 29783 - Ley de SST | D7: Art. 50 | E7: Medidas de prevención | F7: El empleador aplica medidas de prevención: gestiona riesgos, identifica peligros y evalúa riesgos. | G7: Todos los sectores | H7: IPERC, plan anual, capacitaciones | I7: Vigente | J7: https://www.gob.pe/institucion/congreso-de-la-republica/normas-legales/462576-29783
B8: LEY_29783 | C8: Ley N.° 29783 - Ley de SST | D8: Art. 57 | E8: Actualización de la evaluación | F8: El empleador actualiza la evaluación de riesgos al menos una vez al año o cuando cambien las condiciones de trabajo. | G8: Todos los sectores | H8: IPERC con control de versión y fecha | I8: Vigente | J8: https://www.gob.pe/institucion/congreso-de-la-republica/normas-legales/462576-29783
B9: DS_005_2012 | C9: D.S. N.° 005-2012-TR - Reglamento | D9: Art. 32 | E9: Documentación del SGSST | F9: La documentación del SGSST debe incluir IPERC, mapa de riesgos, planificación y programa anual de SST. | G9: Todos los sectores | H9: IPERC, mapa de riesgos, programa anual | I9: Vigente | J9: https://cdn.www.gob.pe/uploads/document/file/571762/Ley_N__29783.pdf
B10: DS_005_2012 | C10: D.S. N.° 005-2012-TR - Reglamento | D10: Art. 33 | E10: Registros obligatorios | F10: Registros: accidentes, incidentes peligrosos, enfermedades ocupacionales, monitoreo, inspecciones, capacitaciones, EPP. | G10: Todos los sectores | H10: Registros obligatorios del SGSST | I10: Vigente | J10: https://cdn.www.gob.pe/uploads/document/file/571762/Ley_N__29783.pdf
B11: DS_005_2012 | C11: D.S. N.° 005-2012-TR - Reglamento | D11: Art. 77 | E11: Evaluación inicial de riesgos | F11: La evaluación inicial se realiza por puesto de trabajo, con personal competente y consulta a los trabajadores. | G11: Todos los sectores | H11: IPERC por puesto, registro de consulta | I11: Vigente (mod. D.S. 002-2020-TR) | J11: https://cdn.www.gob.pe/uploads/document/file/571762/Ley_N__29783.pdf
B12: RM_050_2013 | C12: R.M. N.° 050-2013-TR | D12: Anexo 3 | E12: Metodología IPERC | F12: Aprueba formatos referenciales e información mínima de registros; incluye método de evaluación probabilidad x severidad. | G12: Todos los sectores | H12: Matriz IPERC, formatos de registro | I12: Vigente | J12: https://www.gob.pe/institucion/mtpe/normas-legales/288031-050-2013-tr
B13: LEY_30222 | C13: Ley N.° 30222 | D13: Única | E13: Modificatoria | F13: Modifica diversos artículos de la Ley 29783 (enfoque preventivo y sancionador). | G13: Todos los sectores | H13: Cumplimiento del SGSST actualizado | I13: Vigente | J13: https://www.gob.pe/institucion/minedu/normas-legales/118483-30222
B14: LEY_31246 | C14: Ley N.° 31246 | D14: Única | E14: Riesgo epidemiológico | F14: Modifica la Ley 29783 para garantizar SST frente a riesgos epidemiológicos y sanitarios. | G14: Público y privado | H14: Plan frente a riesgo biológico/epidemiológico | I14: Vigente | J14: https://sinia.minam.gob.pe/normas/ley-que-modifica-ley-29783-ley-seguridad-salud-trabajo-garantizar
... B21: SUNAFIL_IPERC | C21: Manual IPERC SUNAFIL / ELSSA 2.0 | D21: Guía técnica | E21: IPERC | F21: Guía técnica referencial para identificación de peligros, evaluación de riesgos y determinación de controles. | G21: Todos los sectores | H21: Matriz IPERC sustentada técnicamente | I21: Vigente (referencial) | J21: https://www.gob.pe/institucion/sunafil/campañas/125953
B23: Regla del motor: la matriz no debe citar una norma que no exista en esta base. Si un control no tiene sustento cargado, marcar el campo legal como «requiere validación legal».

Sheet 7. Plan de Acción
AZ1: © 2026 Ing. Pierre R. - peru.labs.pe@gmail.com - Generador IPERC Normativo Perú. Uso bajo licencia del autor.
B2: PLAN DE ACCIÓN — CONTROLES, RESPONSABLES Y PLAZOS
B3: Se alimenta automáticamente de la Matriz IPERC. Prioriza los riesgos significativos (≥ Moderado).
B4: N° | C4: Peligro | D4: Riesgo | E4: Medida de control propuesta | F4: Jerarquía | G4: Riesgo inicial | H4: Responsable | I4: Plazo
B5: ='5. Matriz IPERC'!B6 -> 1 | C5: =IF('5. Matriz IPERC'!J6="","",'5. Matriz IPERC'!J6) -> Uso prolongado de pantallas (PVD) | D5: =IF('5. Matriz IPERC'!L6="","",'5. Matriz IPERC'!L6) -> Exposición prolongada a pantalla de visualización | E5: =IF('5. Matriz IPERC'!Y6="","",'5. Matriz IPERC'!Y6) -> Silla ergonómica, regla 20-20-20, pausas activas, evaluación de puesto | F5: =IF('5. Matriz IPERC'!X6="","",'5. Matriz IPERC'!X6) -> Administrativo | G5: =IF('5. Matriz IPERC'!V6="","",'5. Matriz IPERC'!V6) -> Importante | H5: =IF('5. Matriz IPERC'!AF6="","",'5. Matriz IPERC'!AF6) -> Jefe de RR.HH. | I5: =IF('5. Matriz IPERC'!AG6="","",'5. Matriz IPERC'!AG6) -> 30 días
B6: ='5. Matriz IPERC'!B7 -> 2 | C6: =IF('5. Matriz IPERC'!J7="","",'5. Matriz IPERC'!J7) -> Pisos resbaladizos / húmedos | D6: =IF('5. Matriz IPERC'!L7="","",'5. Matriz IPERC'!L7) -> Caída de persona a nivel | E6: =IF('5. Matriz IPERC'!Y7="","",'5. Matriz IPERC'!Y7) -> Señalización piso mojado, calzado antideslizante, limpieza programada | F6: =IF('5. Matriz IPERC'!X7="","",'5. Matriz IPERC'!X7) -> Administrativo | G6: =IF('5. Matriz IPERC'!V7="","",'5. Matriz IPERC'!V7) -> Importante | H6: =IF('5. Matriz IPERC'!AF7="","",'5. Matriz IPERC'!AF7) -> Supervisor de servicios | I6: =IF('5. Matriz IPERC'!AG7="","",'5. Matriz IPERC'!AG7) -> 15 días
B7: ='5. Matriz IPERC'!B8 -> 3 | C7: =IF('5. Matriz IPERC'!J8="","",'5. Matriz IPERC'!J8) -> Manipulación manual de cargas | D7: =IF('5. Matriz IPERC'!L8="","",'5. Matriz IPERC'!L8) -> Sobreesfuerzo por levantamiento de cargas | E7: =IF('5. Matriz IPERC'!Y8="","",'5. Matriz IPERC'!Y8) -> Ayudas mecánicas, límite de peso por caja, rotación, capacitación ergonómica | F7: =IF('5. Matriz IPERC'!X8="","",'5. Matriz IPERC'!X8) -> Ingeniería | G7: =IF('5. Matriz IPERC'!V8="","",'5. Matriz IPERC'!V8) -> Importante | H7: =IF('5. Matriz IPERC'!AF8="","",'5. Matriz IPERC'!AF8) -> Jefe de almacén | I7: =IF('5. Matriz IPERC'!AG8="","",'5. Matriz IPERC'!AG8) -> 45 días
B8: ='5. Matriz IPERC'!B9 -> 4 | C8: =IF('5. Matriz IPERC'!J9="","",'5. Matriz IPERC'!J9) -> Partes móviles de máquinas | D8: =IF('5. Matriz IPERC'!L9="","",'5. Matriz IPERC'!L9) -> Atrapamiento / corte por partes móviles | E8: =IF('5. Matriz IPERC'!Y9="","",'5. Matriz IPERC'!Y9) -> Resguardos con enclavamiento, bloqueo y etiquetado (LOTO), capacitación, inspección | F8: =IF('5. Matriz IPERC'!X9="","",'5. Matriz IPERC'!X9) -> Ingeniería | G8: =IF('5. Matriz IPERC'!V9="","",'5. Matriz IPERC'!V9) -> Intolerable | H8: =IF('5. Matriz IPERC'!AF9="","",'5. Matriz IPERC'!AF9) -> Supervisor de planta | I8: =IF('5. Matriz IPERC'!AG9="","",'5. Matriz IPERC'!AG9) -> 30 días
B9: ='5. Matriz IPERC'!B10 -> 5 | C9: =IF('5. Matriz IPERC'!J10="","",'5. Matriz IPERC'!J10) -> Trabajo en altura (>1.8 m) | D9: =IF('5. Matriz IPERC'!L10="","",'5. Matriz IPERC'!L10) -> Caída de persona a distinto nivel | E9: =IF('5. Matriz IPERC'!Y10="","",'5. Matriz IPERC'!Y10) -> Líneas de vida y anclajes certificados, barandas, permiso de trabajo en altura, inspección preuso | F9: =IF('5. Matriz IPERC'!X10="","",'5. Matriz IPERC'!X10) -> Ingeniería | G9: =IF('5. Matriz IPERC'!V10="","",'5. Matriz IPERC'!V10) -> Intolerable | H9: =IF('5. Matriz IPERC'!AF10="","",'5. Matriz IPERC'!AF10) -> Ingeniero residente | I9: =IF('5. Matriz IPERC'!AG10="","",'5. Matriz IPERC'!AG10) -> Inmediato
B10: ='5. Matriz IPERC'!B11 -> 6 | C10: =IF('5. Matriz IPERC'!J11="","",'5. Matriz IPERC'!J11) -> Manipulación de residuos biocontaminados | D10: =IF('5. Matriz IPERC'!L11="","",'5. Matriz IPERC'!L11) -> Contacto con fluidos / residuos sólidos hospitalarios | E10: =IF('5. Matriz IPERC'!Y11="","",'5. Matriz IPERC'!Y11) -> Contenedores rígidos, ruta diferenciada, vacunación, protocolo de segregación, EPP completo | F10: =IF('5. Matriz IPERC'!X11="","",'5. Matriz IPERC'!X11) -> Administrativo | G10: =IF('5. Matriz IPERC'!V11="","",'5. Matriz IPERC'!V11) -> Intolerable | H10: =IF('5. Matriz IPERC'!AF11="","",'5. Matriz IPERC'!AF11) -> Jefe de enfermería | I10: =IF('5. Matriz IPERC'!AG11="","",'5. Matriz IPERC'!AG11) -> 30 días
B11: ='5. Matriz IPERC'!B12 -> 7 | C11: =IF('5. Matriz IPERC'!J12="","",'5. Matriz IPERC'!J12) -> Contacto eléctrico directo | D11: =IF('5. Matriz IPERC'!L12="","",'5. Matriz IPERC'!L12) -> Contacto con partes energizadas | E11: =IF('5. Matriz IPERC'!Y12="","",'5. Matriz IPERC'!Y12) -> Desenergizar, bloqueo y etiquetado, permiso de trabajo eléctrico, EPP dieléctrico, capacitación | F11: =IF('5. Matriz IPERC'!X12="","",'5. Matriz IPERC'!X12) -> Administrativo | G11: =IF('5. Matriz IPERC'!V12="","",'5. Matriz IPERC'!V12) -> Importante | H11: =IF('5. Matriz IPERC'!AF12="","",'5. Matriz IPERC'!AF12) -> Jefe de mantenimiento | I11: =IF('5. Matriz IPERC'!AG12="","",'5. Matriz IPERC'!AG12) -> 20 días
B12: ='5. Matriz IPERC'!B13 -> 8 | C12: =IF('5. Matriz IPERC'!J13="","",'5. Matriz IPERC'!J13) -> Conducción de vehículos | D12: =IF('5. Matriz IPERC'!L13="","",'5. Matriz IPERC'!L13) -> Accidente de tránsito | E12: =IF('5. Matriz IPERC'!Y13="","",'5. Matriz IPERC'!Y13) -> Plan de manejo defensivo, control de fatiga y horas, mantenimiento preventivo, inspección preuso | F12: =IF('5. Matriz IPERC'!X13="","",'5. Matriz IPERC'!X13) -> Administrativo | G12: =IF('5. Matriz IPERC'!V13="","",'5. Matriz IPERC'!V13) -> Importante | H12: =IF('5. Matriz IPERC'!AF13="","",'5. Matriz IPERC'!AF13) -> Jefe de flota | I12: =IF('5. Matriz IPERC'!AG13="","",'5. Matriz IPERC'!AG13) -> 30 días
B13: ='5. Matriz IPERC'!B14 -> 9 | C13: =IF('5. Matriz IPERC'!J14="","",'5. Matriz IPERC'!J14) | D13: =IF('5. Matriz IPERC'!L14="","",'5. Matriz IPERC'!L14) | E13: =IF('5. Matriz IPERC'!Y14="","",'5. Matriz IPERC'!Y14) | F13: =IF('5. Matriz IPERC'!X14="","",'5. Matriz IPERC'!X14) | G13: =IF('5. Matriz IPERC'!V14="","",'5. Matriz IPERC'!V14) | H13: =IF('5. Matriz IPERC'!AF14="","",'5. Matriz IPERC'!AF14) | I13: =IF('5. Matriz IPERC'!AG14="","",'5. Matriz IPERC'!AG14)
B14: ='5. Matriz IPERC'!B15 -> 10 | C14: =IF('5. Matriz IPERC'!J15="","",'5. Matriz IPERC'!J15) | D14: =IF('5. Matriz IPERC'!L15="","",'5. Matriz IPERC'!L15) | E14: =IF('5. Matriz IPERC'!Y15="","",'5. Matriz IPERC'!Y15) | F14: =IF('5. Matriz IPERC'!X15="","",'5. Matriz IPERC'!X15) | G14: =IF('5. Matriz IPERC'!V15="","",'5. Matriz IPERC'!V15) | H14: =IF('5. Matriz IPERC'!AF15="","",'5. Matriz IPERC'!AF15) | I14: =IF('5. Matriz IPERC'!AG15="","",'5. Matriz IPERC'!AG15)
B15: ='5. Matriz IPERC'!B16 -> 11 | C15: =IF('5. Matriz IPERC'!J16="","",'5. Matriz IPERC'!J16) | D15: =IF('5. Matriz IPERC'!L16="","",'5. Matriz IPERC'!L16) | E15: =IF('5. Matriz IPERC'!Y16="","",'5. Matriz IPERC'!Y16) | F15: =IF('5. Matriz IPERC'!X16="","",'5. Matriz IPERC'!X16) | G15: =IF('5. Matriz IPERC'!V16="","",'5. Matriz IPERC'!V16) | H15: =IF('5. Matriz IPERC'!AF16="","",'5. Matriz IPERC'!AF16) | I15: =IF('5. Matriz IPERC'!AG16="","",'5. Matriz IPERC'!AG16)
B16: ='5. Matriz IPERC'!B17 -> 12 | C16: =IF('5. Matriz IPERC'!J17="","",'5. Matriz IPERC'!J17) | D16: =IF('5. Matriz IPERC'!L17="","",'5. Matriz IPERC'!L17) | E16: =IF('5. Matriz IPERC'!Y17="","",'5. Matriz IPERC'!Y17) | F16: =IF('5. Matriz IPERC'!X17="","",'5. Matriz IPERC'!X17) | G16: =IF('5. Matriz IPERC'!V17="","",'5. Matriz IPERC'!V17) | H16: =IF('5. Matriz IPERC'!AF17="","",'5. Matriz IPERC'!AF17) | I16: =IF('5. Matriz IPERC'!AG17="","",'5. Matriz IPERC'!AG17)
... B49: ='5. Matriz IPERC'!B50 -> 45 | C49: =IF('5. Matriz IPERC'!J50="","",'5. Matriz IPERC'!J50) | D49: =IF('5. Matriz IPERC'!L50="","",'5. Matriz IPERC'!L50) | E49: =IF('5. Matriz IPERC'!Y50="","",'5. Matriz IPERC'!Y50) | F49: =IF('5. Matriz IPERC'!X50="","",'5. Matriz IPERC'!X50) | G49: =IF('5. Matriz IPERC'!V50="","",'5. Matriz IPERC'!V50) | H49: =IF('5. Matriz IPERC'!AF50="","",'5. Matriz IPERC'!AF50) | I49: =IF('5. Matriz IPERC'!AG50="","",'5. Matriz IPERC'!AG50)

Sheet 8. Mapa de Riesgos
AZ1: © 2026 Ing. Pierre R. - peru.labs.pe@gmail.com - Generador IPERC Normativo Perú. Uso bajo licencia del autor.
B2: MAPA DE RIESGOS — RESUMEN POR ÁREA
B3: Escriba las áreas evaluadas; el conteo por nivel de riesgo (residual) se calcula desde la Matriz IPERC.
B4: Área | C4: Trivial | D4: Tolerable | E4: Moderado | F4: Importante | G4: Intolerable | H4: Total
B5: Administración | C5: =IF($B5="","",COUNTIFS('5. Matriz IPERC'!D6:D50,$B5,'5. Matriz IPERC'!AE6:AE50,"Trivial")) -> 0 | D5: =IF($B5="","",COUNTIFS('5. Matriz IPERC'!D6:D50,$B5,'5. Matriz IPERC'!AE6:AE50,"Tolerable")) -> 1 | E5: =IF($B5="","",COUNTIFS('5. Matriz IPERC'!D6:D50,$B5,'5. Matriz IPERC'!AE6:AE50,"Moderado")) -> 0 | F5: =IF($B5="","",COUNTIFS('5. Matriz IPERC'!D6:D50,$B5,'5. Matriz IPERC'!AE6:AE50,"Importante")) -> 0 | G5: =IF($B5="","",COUNTIFS('5. Matriz IPERC'!D6:D50,$B5,'5. Matriz IPERC'!AE6:AE50,"Intolerable")) -> 0 | H5: =IF($B5="","",SUM(C5:G5)) -> 1
B6: Limpieza | C6: =IF($B6="","",COUNTIFS('5. Matriz IPERC'!D6:D50,$B6,'5. Matriz IPERC'!AE6:AE50,"Trivial")) -> 0 | D6: =IF($B6="","",COUNTIFS('5. Matriz IPERC'!D6:D50,$B6,'5. Matriz IPERC'!AE6:AE50,"Tolerable")) -> 1 | E6: =IF($B6="","",COUNTIFS('5. Matriz IPERC'!D6:D50,$B6,'5. Matriz IPERC'!AE6:AE50,"Moderado")) -> 0 | F6: =IF($B6="","",COUNTIFS('5. Matriz IPERC'!D6:D50,$B6,'5. Matriz IPERC'!AE6:AE50,"Importante")) -> 0 | G6: =IF($B6="","",COUNTIFS('5. Matriz IPERC'!D6:D50,$B6,'5. Matriz IPERC'!AE6:AE50,"Intolerable")) -> 0 | H6: =IF($B6="","",SUM(C6:G6)) -> 1
B7: Despacho | C7: =IF($B7="","",COUNTIFS('5. Matriz IPERC'!D6:D50,$B7,'5. Matriz IPERC'!AE6:AE50,"Trivial")) -> 0 | D7: =IF($B7="","",COUNTIFS('5. Matriz IPERC'!D6:D50,$B7,'5. Matriz IPERC'!AE6:AE50,"Tolerable")) -> 1 | E7: =IF($B7="","",COUNTIFS('5. Matriz IPERC'!D6:D50,$B7,'5. Matriz IPERC'!AE6:AE50,"Moderado")) -> 0 | F7: =IF($B7="","",COUNTIFS('5. Matriz IPERC'!D6:D50,$B7,'5. Matriz IPERC'!AE6:AE50,"Importante")) -> 0 | G7: =IF($B7="","",COUNTIFS('5. Matriz IPERC'!D6:D50,$B7,'5. Matriz IPERC'!AE6:AE50,"Intolerable")) -> 0 | H7: =IF($B7="","",SUM(C7:G7)) -> 1
B8: Producción | C8: =IF($B8="","",COUNTIFS('5. Matriz IPERC'!D6:D50,$B8,'5. Matriz IPERC'!AE6:AE50,"Trivial")) -> 0 | D8: =IF($B8="","",COUNTIFS('5. Matriz IPERC'!D6:D50,$B8,'5. Matriz IPERC'!AE6:AE50,"Tolerable")) -> 0 | E8: =IF($B8="","",COUNTIFS('5. Matriz IPERC'!D6:D50,$B8,'5. Matriz IPERC'!AE6:AE50,"Moderado")) -> 1 | F8: =IF($B8="","",COUNTIFS('5. Matriz IPERC'!D6:D50,$B8,'5. Matriz IPERC'!AE6:AE50,"Importante")) -> 0 | G8: =IF($B8="","",COUNTIFS('5. Matriz IPERC'!D6:D50,$B8,'5. Matriz IPERC'!AE6:AE50,"Intolerable")) -> 0 | H8: =IF($B8="","",SUM(C8:G8)) -> 1
B9: Estructuras | C9: =IF($B9="","",COUNTIFS('5. Matriz IPERC'!D6:D50,$B9,'5. Matriz IPERC'!AE6:AE50,"Trivial")) -> 0 | D9: =IF($B9="","",COUNTIFS('5. Matriz IPERC'!D6:D50,$B9,'5. Matriz IPERC'!AE6:AE50,"Tolerable")) -> 0 | E9: =IF($B9="","",COUNTIFS('5. Matriz IPERC'!D6:D50,$B9,'5. Matriz IPERC'!AE6:AE50,"Moderado")) -> 1 | F9: =IF($B9="","",COUNTIFS('5. Matriz IPERC'!D6:D50,$B9,'5. Matriz IPERC'!AE6:AE50,"Importante")) -> 0 | G9: =IF($B9="","",COUNTIFS('5. Matriz IPERC'!D6:D50,$B9,'5. Matriz IPERC'!AE6:AE50,"Intolerable")) -> 0 | H9: =IF($B9="","",SUM(C9:G9)) -> 1
B10: Enfermería | C10: =IF($B10="","",COUNTIFS('5. Matriz IPERC'!D6:D50,$B10,'5. Matriz IPERC'!AE6:AE50,"Trivial")) -> 0 | D10: =IF($B10="","",COUNTIFS('5. Matriz IPERC'!D6:D50,$B10,'5. Matriz IPERC'!AE6:AE50,"Tolerable")) -> 0 | E10: =IF($B10="","",COUNTIFS('5. Matriz IPERC'!D6:D50,$B10,'5. Matriz IPERC'!AE6:AE50,"Moderado")) -> 1 | F10: =IF($B10="","",COUNTIFS('5. Matriz IPERC'!D6:D50,$B10,'5. Matriz IPERC'!AE6:AE50,"Importante")) -> 0 | G10: =IF($B10="","",COUNTIFS('5. Matriz IPERC'!D6:D50,$B10,'5. Matriz IPERC'!AE6:AE50,"Intolerable")) -> 0 | H10: =IF($B10="","",SUM(C10:G10)) -> 1
B11: Mantenimiento | C11: =IF($B11="","",COUNTIFS('5. Matriz IPERC'!D6:D50,$B11,'5. Matriz IPERC'!AE6:AE50,"Trivial")) -> 0 | D11: =IF($B11="","",COUNTIFS('5. Matriz IPERC'!D6:D50,$B11,'5. Matriz IPERC'!AE6:AE50,"Tolerable")) -> 0 | E11: =IF($B11="","",COUNTIFS('5. Matriz IPERC'!D6:D50,$B11,'5. Matriz IPERC'!AE6:AE50,"Moderado")) -> 1 | F11: =IF($B11="","",COUNTIFS('5. Matriz IPERC'!D6:D50,$B11,'5. Matriz IPERC'!AE6:AE50,"Importante")) -> 0 | G11: =IF($B11="","",COUNTIFS('5. Matriz IPERC'!D6:D50,$B11,'5. Matriz IPERC'!AE6:AE50,"Intolerable")) -> 0 | H11: =IF($B11="","",SUM(C11:G11)) -> 1
B12: Distribución | C12: =IF($B12="","",COUNTIFS('5. Matriz IPERC'!D6:D50,$B12,'5. Matriz IPERC'!AE6:AE50,"Trivial")) -> 0 | D12: =IF($B12="","",COUNTIFS('5. Matriz IPERC'!D6:D50,$B12,'5. Matriz IPERC'!AE6:AE50,"Tolerable")) -> 0 | E12: =IF($B12="","",COUNTIFS('5. Matriz IPERC'!D6:D50,$B12,'5. Matriz IPERC'!AE6:AE50,"Moderado")) -> 1 | F12: =IF($B12="","",COUNTIFS('5. Matriz IPERC'!D6:D50,$B12,'5. Matriz IPERC'!AE6:AE50,"Importante")) -> 0 | G12: =IF($B12="","",COUNTIFS('5. Matriz IPERC'!D6:D50,$B12,'5. Matriz IPERC'!AE6:AE50,"Intolerable")) -> 0 | H12: =IF($B12="","",SUM(C12:G12)) -> 1
C13: =IF($B13="","",COUNTIFS('5. Matriz IPERC'!D6:D50,$B13,'5. Matriz IPERC'!AE6:AE50,"Trivial")) | D13: =IF($B13="","",COUNTIFS('5. Matriz IPERC'!D6:D50,$B13,'5. Matriz IPERC'!AE6:AE50,"Tolerable")) | E13: =IF($B13="","",COUNTIFS('5. Matriz IPERC'!D6:D50,$B13,'5. Matriz IPERC'!AE6:AE50,"Moderado")) | F13: =IF($B13="","",COUNTIFS('5. Matriz IPERC'!D6:D50,$B13,'5. Matriz IPERC'!AE6:AE50,"Importante")) | G13: =IF($B13="","",COUNTIFS('5. Matriz IPERC'!D6:D50,$B13,'5. Matriz IPERC'!AE6:AE50,"Intolerable")) | H13: =IF($B13="","",SUM(C13:G13))
C14: =IF($B14="","",COUNTIFS('5. Matriz IPERC'!D6:D50,$B14,'5. Matriz IPERC'!AE6:AE50,"Trivial")) | D14: =IF($B14="","",COUNTIFS('5. Matriz IPERC'!D6:D50,$B14,'5. Matriz IPERC'!AE6:AE50,"Tolerable")) | E14: =IF($B14="","",COUNTIFS('5. Matriz IPERC'!D6:D50,$B14,'5. Matriz IPERC'!AE6:AE50,"Moderado")) | F14: =IF($B14="","",COUNTIFS('5. Matriz IPERC'!D6:D50,$B14,'5. Matriz IPERC'!AE6:AE50,"Importante")) | G14: =IF($B14="","",COUNTIFS('5. Matriz IPERC'!D6:D50,$B14,'5. Matriz IPERC'!AE6:AE50,"Intolerable")) | H14: =IF($B14="","",SUM(C14:G14))
B15: TOTAL | C15: =SUM(C5:C14) -> 0 | D15: =SUM(D5:D14) -> 3 | E15: =SUM(E5:E14) -> 5 | F15: =SUM(F5:F14) -> 0 | G15: =SUM(G5:G14) -> 0 | H15: =SUM(H5:H14) -> 8

Sheet 9. Dashboard
AZ1: © 2026 Ing. Pierre R. - peru.labs.pe@gmail.com - Generador IPERC Normativo Perú. Uso bajo licencia del autor.
B2: DASHBOARD DE GESTIÓN IPERC — INDICADORES Y ALERTAS
B3: Nivel activo: | C3: =Portada!D7 -> AVANZADO | E3: Sector: | F3: =Portada!D8 -> Oficina / Sector público
B5: INDICADORES CLAVE | E5: CUMPLIMIENTO
B6: Total de riesgos evaluados | C6: =COUNT('5. Matriz IPERC'!U6:U50) -> 8 | E6: Controles implementados | F6: =COUNTIF('5. Matriz IPERC'!AJ6:AJ50,"Implementado") -> 1
B7: Riesgos significativos (≥ Moderado) | C7: =COUNTIF('5. Matriz IPERC'!W6:W50,"SÍ") -> 8 | E7: Controles en proceso | F7: =COUNTIF('5. Matriz IPERC'!AJ6:AJ50,"En proceso") -> 4
B8: Riesgos críticos (Importante+Intolerable) inicial | C8: =COUNTIF('5. Matriz IPERC'!V6:V50,"Importante")+COUNTIF('5. Matriz IPERC'!V6:V50,"Intolerable") -> 8 | E8: Total con estado | F8: =COUNTA('5. Matriz IPERC'!AJ6:AJ50) -> 8
B9: Riesgos críticos residuales | C9: =COUNTIF('5. Matriz IPERC'!AE6:AE50,"Importante")+COUNTIF('5. Matriz IPERC'!AE6:AE50,"Intolerable") -> 0 | E9: % de implementación | F9: =IFERROR(COUNTIF('5. Matriz IPERC'!AJ6:AJ50,"Implementado")/COUNTA('5. Matriz IPERC'!AJ6:AJ50),0) -> 0.125
B10: Controles vencidos | C10: =COUNTIF('5. Matriz IPERC'!AJ6:AJ50,"Vencido") -> 0 | E10: % reducción de riesgo crítico | F10: =IFERROR(1-((COUNTIF('5. Matriz IPERC'!AE6:AE50,"Importante")+COUNTIF('5. Matriz IPERC'!AE6:AE50,"Intolerable"))/(COUNTIF('5. Matriz IPERC'!V6:V50,"Importante")+COUNTIF('5. Matriz IPERC'!V6:V50,"Intolerable"))),0) -> 1
B11: Controles pendientes | C11: =COUNTIF('5. Matriz IPERC'!AJ6:AJ50,"Pendiente") -> 3
B13: DISTRIBUCIÓN POR NIVEL DE RIESGO
B14: Nivel | C14: Inicial | E14: Residual
B15: Trivial | C15: =COUNTIF('5. Matriz IPERC'!V6:V50,"Trivial") -> 0 | E15: =COUNTIF('5. Matriz IPERC'!AE6:AE50,"Trivial") -> 0
B16: Tolerable | C16: =COUNTIF('5. Matriz IPERC'!V6:V50,"Tolerable") -> 0 | E16: =COUNTIF('5. Matriz IPERC'!AE6:AE50,"Tolerable") -> 3
B17: Moderado | C17: =COUNTIF('5. Matriz IPERC'!V6:V50,"Moderado") -> 0 | E17: =COUNTIF('5. Matriz IPERC'!AE6:AE50,"Moderado") -> 5
B18: Importante | C18: =COUNTIF('5. Matriz IPERC'!V6:V50,"Importante") -> 5 | E18: =COUNTIF('5. Matriz IPERC'!AE6:AE50,"Importante") -> 0
B19: Intolerable | C19: =COUNTIF('5. Matriz IPERC'!V6:V50,"Intolerable") -> 3 | E19: =COUNTIF('5. Matriz IPERC'!AE6:AE50,"Intolerable") -> 0
B36: ALERTAS
B37: Riesgos intolerables sin reducir (residual) | F37: =COUNTIF('5. Matriz IPERC'!AE6:AE50,"Intolerable") -> 0
B38: Controles vencidos | F38: =COUNTIF('5. Matriz IPERC'!AJ6:AJ50,"Vencido") -> 0
B39: Riesgos sin control propuesto | F39: =SUMPRODUCT(('5. Matriz IPERC'!W6:W50="SÍ")*('5. Matriz IPERC'!Y6:Y50="")) -> 0
B41: Generado por Ing. Pierre R. · peru.labs.pe@gmail.com · Documento referencial conforme a la Ley N.° 29783 y su Reglamento.
